{
  "main": {
    "id": "28773353995c6636",
    "type": "split",
    "children": [
      {
        "id": "797b38f4b2f506e3",
        "type": "tabs",
        "children": [
          {
            "id": "e56adff5f4b38418",
            "type": "leaf",
            "state": {
              "type": "markdown",
              "state": {
                "file": "Notes/English-1/All Qualifier English Concpets.md",
                "mode": "source",
                "source": false
              },
              "icon": "lucide-file",
              "title": "All Qualifier English Concpets"
            }
          },
          {
            "id": "8e00da99158abe6f",
            "type": "leaf",
            "state": {
              "type": "markdown",
              "state": {
                "file": "Notes/English-1/Week 4 Speaking Skills.md",
                "mode": "source",
                "source": false
              },
              "icon": "lucide-file",
              "title": "Week 4 Speaking Skills"
            }
          },
          {
            "id": "a00aaa98a884d973",
            "type": "leaf",
            "state": {
              "type": "pdf",
              "state": {
                "file": "foundational-level-resources/Math1,stats1,CT,Eng1/zPyq Qualifier/23Feb2025 Foundation.pdf"
              },
              "icon": "lucide-file-text",
              "title": "23Feb2025 Foundation"
            }
          },
          {
            "id": "d781e14d5853466c",
            "type": "leaf",
            "state": {
              "type": "pdf",
              "state": {
                "file": "foundational-level-resources/Math1,stats1,CT,Eng1/zPyq Qualifier/7July2024.pdf"
              },
              "icon": "lucide-file-text",
              "title": "7July2024"
            }
          },
          {
            "id": "2dd9608a0208664d",
            "type": "leaf",
            "state": {
              "type": "pdf",
              "state": {
                "file": "foundational-level-resources/Math1,stats1,CT,Eng1/zPyq Qualifier/27oct2024 Foundation.pdf"
              },
              "icon": "lucide-file-text",
              "title": "27oct2024 Foundation"
            }
          }
        ]
      }
    ],
    "direction": "vertical"
  },
  "left": {
    "id": "7e9e34ef3166b35d",
    "type": "split",
    "children": [
      {
        "id": "e0a9f5f08b08ca73",
        "type": "tabs",
        "children": [
          {
            "id": "00eaa3ed642aa50c",
            "type": "leaf",
            "state": {
              "type": "file-explorer",
              "state": {
                "sortOrder": "alphabetical",
                "autoReveal": false
              },
              "icon": "lucide-folder-closed",
              "title": "Files"
            }
          },
          {
            "id": "e8de07184d16f999",
            "type": "leaf",
            "state": {
              "type": "search",
              "state": {
                "query": "",
                "matchingCase": false,
                "explainSearch": false,
                "collapseAll": false,
                "extraContext": false,
                "sortOrder": "alphabetical"
              },
              "icon": "lucide-search",
              "title": "Search"
            }
          },
          {
            "id": "17ffcf3e792085b1",
            "type": "leaf",
            "state": {
              "type": "bookmarks",
              "state": {},
              "icon": "lucide-bookmark",
              "title": "Bookmarks"
            }
          }
        ]
      }
    ],
    "direction": "horizontal",
    "width": 300
  },
  "right": {
    "id": "e69f1ba67b1a24e3",
    "type": "split",
    "children": [
      {
        "id": "57fee453ad6b4f5c",
        "type": "tabs",
        "children": [
          {
            "id": "f5b078dcc70ca724",
            "type": "leaf",
            "state": {
              "type": "outline",
              "state": {
                "file": "Notes/English-1/All Qualifier English Concpets.md",
                "followCursor": false,
                "showSearch": false,
                "searchQuery": ""
              },
              "icon": "lucide-list",
              "title": "Outline of All Qualifier English Concpets"
            }
          },
          {
            "id": "a377343da505a84e",
            "type": "leaf",
            "state": {
              "type": "footnotes",
              "state": {
                "file": "Notes/English-1/All Qualifier English Concpets.md"
              },
              "icon": "lucide-file-signature",
              "title": "Footnotes"
            }
          },
          {
            "id": "a176019c1a9efbf3",
            "type": "leaf",
            "state": {
              "type": "file-properties",
              "state": {
                "file": "Notes/English-1/All Qualifier English Concpets.md"
              },
              "icon": "lucide-info",
              "title": "File properties for All Qualifier English Concpets"
            }
          },
          {
            "id": "7a0fb66d6a502675",
            "type": "leaf",
            "state": {
              "type": "all-properties",
              "state": {
                "sortOrder": "frequency",
                "showSearch": false,
                "searchQuery": ""
              },
              "icon": "lucide-archive",
              "title": "All properties"
            }
          }
        ]
      },
      {
        "id": "d172ae2611f960b2",
        "type": "tabs",
        "children": [
          {
            "id": "7c0b2cfd2c5a5380",
            "type": "leaf",
            "state": {
              "type": "backlink",
              "state": {
                "file": "Notes/English-1/All Qualifier English Concpets.md",
                "collapseAll": false,
                "extraContext": false,
                "sortOrder": "alphabetical",
                "showSearch": false,
                "searchQuery": "",
                "backlinkCollapsed": false,
                "unlinkedCollapsed": true
              },
              "icon": "links-coming-in",
              "title": "Backlinks for All Qualifier English Concpets"
            }
          },
          {
            "id": "3bc8505a1a6e0e21",
            "type": "leaf",
            "state": {
              "type": "outgoing-link",
              "state": {
                "file": "Notes/English-1/All Qualifier English Concpets.md",
                "linksCollapsed": false,
                "unlinkedCollapsed": true
              },
              "icon": "links-going-out",
              "title": "Outgoing links from All Qualifier English Concpets"
            }
          },
          {
            "id": "3797d3f7b0646303",
            "type": "leaf",
            "state": {
              "type": "tag",
              "state": {
                "sortOrder": "frequency",
                "useHierarchy": true,
                "showSearch": false,
                "searchQuery": ""
              },
              "icon": "lucide-tags",
              "title": "Tags"
            }
          }
        ]
      }
    ],
    "direction": "horizontal",
    "width": 300
  },
  "left-ribbon": {
    "hiddenItems": {
      "switcher:Open quick switcher": false,
      "graph:Open graph view": false,
      "canvas:Create new canvas": false,
      "daily-notes:Open today's daily note": false,
      "templates:Insert template": false,
      "command-palette:Open command palette": false,
      "audio-recorder:Start/stop recording": false,
      "markdown-importer:Open format converter": false,
      "publish:Publish changes...": false,
      "random-note:Open random note": false,
      "zk-prefixer:Create new unique note": false,
      "workspaces:Manage workspace layouts": false
    }
  },
  "active": "e56adff5f4b38418",
  "lastOpenFiles": [
    "foundational-level-resources/Math1,stats1,CT,Eng1/zPyq Qualifier/27oct2024 Foundation.pdf",
    "foundational-level-resources/Math1,stats1,CT,Eng1/zPyq Qualifier/7July2024.pdf",
    "Notes/English-1/All Qualifier English Concpets.md",
    "Notes/Computational Thinking/All Qualifier CT Concpets.md",
    "Notes/Stats-1/All Qualifier Stats Concpets.md",
    "Notes/Maths-1/All Qualifier Math Concpets.md",
    "Notes/Computational Thinking/week 4.md",
    "Notes/English-1/Week 4 Speaking Skills.md",
    "Notes/Computational Thinking/Week 3.md",
    "Notes/Computational Thinking/Week 2.md",
    "Notes/Computational Thinking/Week 1.md",
    "Notes/NOTES PLAN USED.md",
    "Notes/Stats-1/WEEK 1 Introduction and Type of Data, Descriptive and Inferential Statistics, Scales of Measurement.md",
    "Notes/Stats-1/patterns.md",
    "Notes/Stats-1/Consolidated.md",
    "Notes/Maths-1/week 4.md",
    "Notes/Maths-1/week 3.md",
    "Notes/Maths-1/week 2.md",
    "Notes/Maths-1/week 1 set theory.md",
    "foundational-level-resources/Math1,stats1,CT,Eng1/zPyq Qualifier/23Feb2025 Foundation.pdf",
    "Notes/Stats-1/WEEK 2 Describing Categorical Data.md",
    "Notes/Stats-1/WEEK 3; Describing Numerical Data - Measures of Central Tendency and Dispersion.md",
    "Notes/Stats-1/WEEK 4; Association Between Two Variables.md",
    "Notes/English-1/Summary & Pyq Practice.md",
    "Notes/English-1/Week 3 Sentences Phrases and idioms.md",
    "Notes/English-1/Week 2 Parts of Speech.md",
    "Notes/English-1/Week 1 Vowel consonant Sound.md",
    "Notes/English-1/Week 1.md",
    "Notes/English-1",
    "Notes/untitled folder",
    "Notes/Computational Thinking",
    "Notes/Stats-1",
    "Notes/Maths-1",
    "Notes",
    "untitled folder",
    "foundational-level-resources/Math1,stats1,CT,Eng1/Stats/Qualifier(w1-w4)/sw3-a8e6406c-1ff5-478f-940b-c5c6dab12dc1.png",
    "foundational-level-resources/Math1,stats1,CT,Eng1/Stats/Qualifier(w1-w4)/sw4-c6dfbd9d-42eb-46ac-9d0e-f370d288d09b.png",
    "foundational-level-resources/Math1,stats1,CT,Eng1/Stats/Qualifier(w1-w4)/sw2-0083daff-96b3-4f1b-a1e3-c1edc8ee5642.png",
    "foundational-level-resources/Math1,stats1,CT,Eng1/Stats/Qualifier(w1-w4)/sw1-eb6940ec-72fa-4901-9014-308b8b2554f7.png",
    "foundational-level-resources/Math1,stats1,CT,Eng1/Stats/Mock Stats Qualifier w1tow4- 25895b59-c77c-4604-85ba-f72392f8d5c9.png",
    "foundational-level-resources/Math1,stats1,CT,Eng1/maths/qualifier(w1-w4)/mw4-7a1864b6-f15a-4949-9f9b-a2945128996e.png",
    "foundational-level-resources/Math1,stats1,CT,Eng1/maths/qualifier(w1-w4)/mw3-75f25e2c-db08-4581-bee2-fa7f7723a5dc.png",
    "foundational-level-resources/Math1,stats1,CT,Eng1/maths/qualifier(w1-w4)/mw2-e46f9e5f-34af-448c-9b0b-9a1487d7d7b4.png",
    "foundational-level-resources/Math1,stats1,CT,Eng1/maths/qualifier(w1-w4)/mw1 - 167863c3-8864-42b6-aad7-49a09896335e.png",
    "foundational-level-resources/Math1,stats1,CT,Eng1/maths/maths-mock-qualifier-6bd8a628-4ccd-480d-87f2-feefab4b5a6d.png"
  ]
}