{
  "main": {
    "id": "9c3ac28266a7f5bc",
    "type": "split",
    "children": [
      {
        "id": "40dc458204e49744",
        "type": "tabs",
        "children": [
          {
            "id": "728a26f0022983c3",
            "type": "leaf",
            "state": {
              "type": "pdf",
              "state": {
                "file": "foundational-level-resources/Math1,stats1,CT,Eng1/zPyq Qualifier/7July2024.pdf"
              },
              "icon": "lucide-file-text",
              "title": "7July2024"
            }
          },
          {
            "id": "278a6e852c6d8c43",
            "type": "leaf",
            "state": {
              "type": "markdown",
              "state": {
                "file": "Notes/Maths-1/All Qualifier Math Concpets.md",
                "mode": "source",
                "source": false
              },
              "icon": "lucide-file",
              "title": "All Qualifier Math Concpets"
            }
          },
          {
            "id": "13e7c226da0688d1",
            "type": "leaf",
            "state": {
              "type": "markdown",
              "state": {
                "file": "Learning reference notes.md",
                "mode": "source",
                "source": false
              },
              "icon": "lucide-file",
              "title": "Learning reference notes"
            }
          },
          {
            "id": "4a131927680de914",
            "type": "leaf",
            "state": {
              "type": "pdf",
              "state": {
                "file": "foundational-level-resources/Math1,stats1,CT,Eng1/zPyq Qualifier/IIT M QUALIFIER AN EXAM QDQ1 16 Mar 2025.pdf"
              },
              "icon": "lucide-file-text",
              "title": "IIT M QUALIFIER AN EXAM QDQ1 16 Mar 2025"
            }
          },
          {
            "id": "54a7b46881e8f06b",
            "type": "leaf",
            "state": {
              "type": "markdown",
              "state": {
                "file": "Pyq markdown prep notes.md",
                "mode": "source",
                "source": false
              },
              "icon": "lucide-file",
              "title": "Pyq markdown prep notes"
            }
          },
          {
            "id": "c2c896f0bb33bc08",
            "type": "leaf",
            "state": {
              "type": "markdown",
              "state": {
                "file": "Notes/English-1/All Qualifier English Concpets.md",
                "mode": "source",
                "source": false
              },
              "icon": "lucide-file",
              "title": "All Qualifier English Concpets"
            }
          },
          {
            "id": "b6ff1fd775d4807d",
            "type": "leaf",
            "state": {
              "type": "markdown",
              "state": {
                "file": "Goated notes.md",
                "mode": "source",
                "source": false
              },
              "icon": "lucide-file",
              "title": "Goated notes"
            }
          }
        ],
        "currentTab": 6
      }
    ],
    "direction": "vertical"
  },
  "left": {
    "id": "2dc29f656062450f",
    "type": "mobile-drawer",
    "children": [
      {
        "id": "3f27c9ae2dd22688",
        "type": "leaf",
        "state": {
          "type": "file-explorer",
          "state": {
            "sortOrder": "alphabetical"
          },
          "icon": "lucide-folder-closed",
          "title": "Files"
        }
      },
      {
        "id": "f4cabf697f548c53",
        "type": "leaf",
        "state": {
          "type": "search",
          "state": {
            "query": "",
            "matchingCase": false,
            "explainSearch": false,
            "collapseAll": false,
            "extraContext": false,
            "sortOrder": "alphabetical"
          },
          "icon": "lucide-search",
          "title": "Search"
        }
      },
      {
        "id": "6182b589768a16d4",
        "type": "leaf",
        "state": {
          "type": "tag",
          "state": {
            "sortOrder": "frequency",
            "useHierarchy": true
          },
          "icon": "lucide-tags",
          "title": "Tags"
        }
      },
      {
        "id": "9619ce2159359ea0",
        "type": "leaf",
        "state": {
          "type": "all-properties",
          "state": {
            "sortOrder": "frequency",
            "showSearch": false,
            "searchQuery": ""
          },
          "icon": "lucide-archive",
          "title": "All properties"
        }
      },
      {
        "id": "76507f8ac2a6cb35",
        "type": "leaf",
        "state": {
          "type": "bookmarks",
          "state": {},
          "icon": "lucide-bookmark",
          "title": "Bookmarks"
        }
      }
    ],
    "currentTab": 0
  },
  "right": {
    "id": "fd5dcbcf3f78bc71",
    "type": "mobile-drawer",
    "children": [
      {
        "id": "8bda249859fd4891",
        "type": "leaf",
        "state": {
          "type": "backlink",
          "state": {
            "file": "Goated notes.md",
            "collapseAll": false,
            "extraContext": false,
            "sortOrder": "alphabetical",
            "showSearch": false,
            "searchQuery": "",
            "backlinkCollapsed": false,
            "unlinkedCollapsed": true
          },
          "icon": "links-coming-in",
          "title": "Backlinks"
        }
      },
      {
        "id": "6dce41dc6487a14b",
        "type": "leaf",
        "state": {
          "type": "outgoing-link",
          "state": {
            "file": "Goated notes.md",
            "linksCollapsed": false,
            "unlinkedCollapsed": true
          },
          "icon": "links-going-out",
          "title": "Outgoing links"
        }
      },
      {
        "id": "d73926c8860ac8db",
        "type": "leaf",
        "state": {
          "type": "outline",
          "state": {
            "file": "Goated notes.md"
          },
          "icon": "lucide-list",
          "title": "Outline"
        }
      }
    ],
    "currentTab": 2
  },
  "left-ribbon": {
    "hiddenItems": {
      "switcher:Open quick switcher": false,
      "graph:Open graph view": false,
      "canvas:Create new canvas": false,
      "daily-notes:Open today's daily note": false,
      "templates:Insert template": false,
      "command-palette:Open command palette": false,
      "markdown-importer:Open format converter": false,
      "zk-prefixer:Create new unique note": false,
      "random-note:Open random note": false,
      "audio-recorder:Start/stop recording": false,
      "workspaces:Manage workspace layouts": false
    }
  },
  "active": "b6ff1fd775d4807d",
  "lastOpenFiles": [
    "Pyq markdown prep notes.md",
    "Goated notes.md",
    "Notes/English-1/All Qualifier English Concpets.md",
    "foundational-level-resources/Math1,stats1,CT,Eng1/zPyq Qualifier/IIT M QUALIFIER AN EXAM QDQ1 16 Mar 2025.pdf",
    "foundational-level-resources/Math1,stats1,CT,Eng1/zPyq Qualifier/7July2024.pdf",
    "foundational-level-resources/Math1,stats1,CT,Eng1/zPyq Qualifier/23Feb2025 Foundation.pdf",
    "Learning reference notes.md",
    "Notes/Maths-1/All Qualifier Math Concpets.md"
  ]
}